title|date|link
코로나19에도 불티나게 팔린 메이크업 제품은?|2020.10.05|https://www.harpersbazaar.co.kr/article/49180
우리가 몰랐던 프라다에 대하여|2020.09.18|https://www.harpersbazaar.co.kr/article/48886
베스트와 쇼츠로 완성된 웨스턴 룩|2020.06.30|https://www.harpersbazaar.co.kr/article/47283
지금 가장 주목해야 할 패션 뉴스 NEW&HOT|2020.06.29|https://www.harpersbazaar.co.kr/article/47357
샤넬의 자수와 트위드 등을 만드는 비밀 공간은?|2020.06.09|https://www.harpersbazaar.co.kr/article/46929
이 쇼츠엔 이 슈즈!|2020.05.14|https://www.harpersbazaar.co.kr/article/46505
바자가 주목한 아트 이슈 BEST8|2020.05.07|https://www.harpersbazaar.co.kr/article/46411
부부의 세계 배우들, 화장품 어디꺼?|2020.04.25|https://www.harpersbazaar.co.kr/article/46210
이번 시즌 런웨이에서 뽑은 베스트 룩|2020.04.09|https://www.harpersbazaar.co.kr/article/45876
스타일링이 어려운 베스트, 이렇게 입어!|2020.04.08|https://www.harpersbazaar.co.kr/article/45855
코로나 19가 바꾼 럭셔리 공방의 풍경|2020.04.01|https://www.harpersbazaar.co.kr/article/45716
마스크에 덜 묻어나는 신상 쿠션은? '신상 쿠션 이력서'|2020.02.28|https://www.harpersbazaar.co.kr/article/45059
200만원 짜리 화장품을 써봤더니|2019.11.29|https://www.harpersbazaar.co.kr/article/43432
요즘 패피들은 어디서 커피 마셔?|2019.11.15|https://www.harpersbazaar.co.kr/article/43184
2019 F/W '이것'만 알면 끝!|2019.10.17|https://www.harpersbazaar.co.kr/article/42696
수치가 증명해! 인기 만점 메이크업템|2019.10.07|https://www.harpersbazaar.co.kr/article/42508
양혜규의 주관적 진실|2019.09.27|https://www.harpersbazaar.co.kr/article/42339
여자들이 반한 수트|2019.09.16|https://www.harpersbazaar.co.kr/article/42144
품절 예감! SNS 좋아요를 부르는 신상 뷰티 3|2019.08.22|https://www.harpersbazaar.co.kr/article/40724
2019 F/W 런웨이 리포트|2019.07.24|https://www.harpersbazaar.co.kr/article/40290
여행을 떠날 때 이것만은 꼭 필요해!|2019.07.15|https://www.harpersbazaar.co.kr/article/40268
모로코에서 아침을|2019.07.10|https://www.harpersbazaar.co.kr/article/40256
패션 하우스에 불어닥친 K-POP 열풍|2019.07.01|https://www.harpersbazaar.co.kr/article/40232
‘향수 오스카 시상식’에서 수상한 향수는?|2019.06.12|https://www.harpersbazaar.co.kr/article/40192
<바자>가 주목한 패션 트렌드 5가지|2019.05.17|https://www.harpersbazaar.co.kr/article/40126
남이 아닌 나를 위해|2019.05.16|https://www.harpersbazaar.co.kr/article/40122
영원히 기억될 이름, 칼 라거펠트|2019.04.10|https://www.harpersbazaar.co.kr/article/40039
피비 파일로의 후예들|2019.04.02|https://www.harpersbazaar.co.kr/article/40021
흑백의 미학|2019.03.18|https://www.harpersbazaar.co.kr/article/39996
지금까지 이런 쿠션은 없었다|2019.02.19|https://www.harpersbazaar.co.kr/article/39943
미모 지수를 높이고 싶다면 이것만 기억해라!|2019.02.15|https://www.harpersbazaar.co.kr/article/39927
정장 베스트의 귀환|2019.02.12|https://www.harpersbazaar.co.kr/article/39917
그래미에서 국위선양하는 방탄소년단|2019.02.11|https://www.harpersbazaar.co.kr/article/39924
런웨이 소년단|2018.12.26|https://www.harpersbazaar.co.kr/article/39804
최고의 쿠션을 찾아서|2018.12.01|https://www.harpersbazaar.co.kr/article/39752
#B_BB템 유혹적인 홀리데이 매직|2018.11.29|https://www.harpersbazaar.co.kr/article/39741
90년대가 꼭 필요한 이유|2018.11.15|https://www.harpersbazaar.co.kr/article/39714
웨스턴 룩의 재발견|2018.11.10|https://www.harpersbazaar.co.kr/article/39703
리카르도 티시 VS 에디 슬리먼|2018.11.01|https://www.harpersbazaar.co.kr/article/39671
포근하게 입술을 감싸 줄 신상 립스틱|2018.10.07|https://www.harpersbazaar.co.kr/article/39603
에디 슬리먼의 셀린, 그 반응은?|2018.10.01|https://www.harpersbazaar.co.kr/article/39585
쿠션, 어떤게 좋아?|2018.09.16|https://www.harpersbazaar.co.kr/article/39541
80's VS 미래주의|2018.09.13|https://www.harpersbazaar.co.kr/article/39532
마스터! 칼 라거펠트|2018.09.04|https://www.harpersbazaar.co.kr/article/39512
영원히 변치 않는 패션 ‘잇’ 아이템|2018.08.20|https://www.harpersbazaar.co.kr/article/39473
생 로랑 룩 스마트하게 연출하기|2018.08.20|https://www.harpersbazaar.co.kr/article/39472
패션 듀오 아카이브|2018.08.13|https://www.harpersbazaar.co.kr/article/39453
크리스 무어가 담은 런웨이 최고의 순간!|2018.07.16|https://www.harpersbazaar.co.kr/article/39377
블랙 파워!|2018.07.15|https://www.harpersbazaar.co.kr/article/39372
패션으로 떠나는 세계여행|2018.07.13|https://www.harpersbazaar.co.kr/article/39366
2018 F/W 파리 패션위크에서 생긴일|2018.07.01|https://www.harpersbazaar.co.kr/article/39327
2018 F/W 런던 패션위크 리포트|2018.06.29|https://www.harpersbazaar.co.kr/article/39318
여름에만 가능한 뷰티 #립티튜드|2018.06.29|https://www.harpersbazaar.co.kr/article/39317
2018 F/W 뉴욕 패션위크 리포트|2018.06.28|https://www.harpersbazaar.co.kr/article/39312
예뻐도 너무 예쁜 제니의 옷장|2018.06.25|https://www.harpersbazaar.co.kr/article/39305
